tool	CPAchecker 2.0.1-svn-ce9cea8+	CPAchecker 2.0.1-svn-ce9cea8+	CPAchecker 2.0.1-svn-ce9cea8+	CPAchecker 2.0.1-svn-ce9cea8+	CPAchecker 2.0.1-svn-ce9cea8+	CPAchecker 2.0.1-svn-ce9cea8+	CPAchecker 2.0.1-svn-ce9cea8+	CPAchecker 2.0.1-svn-ce9cea8+	CPAchecker 2.0.1-svn-ce9cea8+	CPAchecker 2.0.1-svn-ce9cea8+	CPAchecker 2.0.1-svn-ce9cea8+	CPAchecker 2.0.1-svn-ce9cea8+	CPAchecker 2.0.1-svn-ce9cea8+	CPAchecker 2.0.1-svn-ce9cea8+	CPAchecker 2.0.1-svn-ce9cea8+	CPAchecker 2.0.1-svn-ce9cea8+	CPAchecker 2.0.1-svn-ce9cea8+	CPAchecker 2.0.1-svn-ce9cea8+	CPAchecker 2.0.1-svn-ce9cea8+	CPAchecker 2.0.1-svn-ce9cea8+
run set	symExD.sv-comp18.ReachSafety-Arrays	symExD.sv-comp18.ReachSafety-Arrays	symExD.sv-comp18.ReachSafety-Arrays	symExD.sv-comp18.ReachSafety-Arrays	symExE.sv-comp18.ReachSafety-Arrays	symExE.sv-comp18.ReachSafety-Arrays	symExE.sv-comp18.ReachSafety-Arrays	symExE.sv-comp18.ReachSafety-Arrays	symExF.sv-comp18.ReachSafety-Arrays	symExF.sv-comp18.ReachSafety-Arrays	symExF.sv-comp18.ReachSafety-Arrays	symExF.sv-comp18.ReachSafety-Arrays	symExG.sv-comp18.ReachSafety-Arrays	symExG.sv-comp18.ReachSafety-Arrays	symExG.sv-comp18.ReachSafety-Arrays	symExG.sv-comp18.ReachSafety-Arrays	symExH.sv-comp18.ReachSafety-Arrays	symExH.sv-comp18.ReachSafety-Arrays	symExH.sv-comp18.ReachSafety-Arrays	symExH.sv-comp18.ReachSafety-Arrays
../../sv-benchmarks/c/	status	cputime (s)	walltime (s)	memory (MB)	status	cputime (s)	walltime (s)	memory (MB)	status	cputime (s)	walltime (s)	memory (MB)	status	cputime (s)	walltime (s)	memory (MB)	status	cputime (s)	walltime (s)	memory (MB)
ldv-linux-4.0-rc1-mav/linux-4.0-rc1---drivers--scsi--aacraid--aacraid.ko_false-unreach-call.cil.c																	TIMEOUT	902.275122944	466.85234608175233	3576.217600
ldv-linux-4.0-rc1-mav/linux-4.0-rc1---drivers--scsi--advansys.ko_false-unreach-call.cil.c																	false(unreach-call)	34.563466038	9.036977737676352	613.978112
ldv-linux-4.0-rc1-mav/linux-4.0-rc1---drivers--scsi--be2iscsi--be2iscsi.ko_false-unreach-call.cil.c																	TIMEOUT	902.264898738	499.87595483195037	2804.662272
ldv-linux-4.0-rc1-mav/linux-4.0-rc1---drivers--scsi--esas2r--esas2r.ko_false-unreach-call.cil.c																	TIMEOUT	902.724144931	338.1625202880241	7510.994944
ldv-linux-4.0-rc1-mav/linux-4.0-rc1---drivers--scsi--hpsa.ko_false-unreach-call.cil.c																	false(unreach-call)	24.236505655	7.29290948016569	684.904448
ldv-linux-4.0-rc1-mav/linux-4.0-rc1---drivers--scsi--megaraid.ko_false-unreach-call.cil.c																	false(unreach-call)	48.486589098	24.157381389290094	933.232640
ldv-linux-4.0-rc1-mav/linux-4.0-rc1---drivers--scsi--mvsas--mvsas.ko_false-unreach-call.cil.c																	TIMEOUT	911.858355471	732.9038306623697	1630.801920
ldv-linux-4.0-rc1-mav/linux-4.0-rc1---drivers--scsi--pm8001--pm80xx.ko_false-unreach-call.cil.c																	false(unreach-call)	60.401034681	28.735033916775137	1262.985216
ldv-linux-4.0-rc1-mav/linux-4.0-rc1---drivers--scsi--pmcraid.ko_false-unreach-call.cil.c																	false(unreach-call)	20.934224286	5.206631535664201	609.849344
ldv-linux-4.0-rc1-mav/linux-4.0-rc1---drivers--scsi--qla4xxx--qla4xxx.ko_false-unreach-call.cil.c																	ERROR (recursion)	23.574883469	5.699232968967408	651.546624
ldv-linux-4.0-rc1-mav/linux-4.0-rc1---drivers--scsi--sg.ko_false-unreach-call.cil.c																	false(unreach-call)	78.043048858	32.263989319093525	1538.838528
ldv-linux-4.0-rc1-mav/linux-4.0-rc1---drivers--staging--dgnc--dgnc.ko_false-unreach-call.cil.c																	TIMEOUT	908.604410084	461.5496334149502	4899.708928
ldv-linux-4.0-rc1-mav/linux-4.0-rc1---drivers--staging--ozwpan--ozwpan.ko_false-unreach-call.cil.c																	TIMEOUT	901.654938509	833.6844281298108	810.315776
ldv-linux-4.0-rc1-mav/linux-4.0-rc1---drivers--usb--class--cdc-wdm.ko_false-unreach-call.cil.c																	TIMEOUT	900.802025048	874.7796167922206	539.430912
ldv-linux-4.0-rc1-mav/linux-4.0-rc1---drivers--usb--gadget--udc--net2272.ko_false-unreach-call.cil.c																	false(unreach-call)	26.400084017	8.060636362992227	516.091904
ldv-linux-4.0-rc1-mav/linux-4.0-rc1---drivers--usb--gadget--udc--pch_udc.ko_false-unreach-call.cil.c																	false(unreach-call)	436.272286378	359.064727071207	2176.778240
ldv-linux-4.0-rc1-mav/linux-4.0-rc1---drivers--usb--host--isp116x-hcd.ko_false-unreach-call.cil.c																	TIMEOUT	901.78562434	722.0068221110851	1116.360704
ldv-linux-4.0-rc1-mav/linux-4.0-rc1---drivers--usb--misc--iowarrior.ko_false-unreach-call.cil.c																	TIMEOUT	903.014373584	517.5300826299936	3025.133568
ldv-linux-4.0-rc1-mav/linux-4.0-rc1---drivers--usb--misc--legousbtower.ko_false-unreach-call.cil.c																	TIMEOUT	905.056323359	404.2295901970938	3535.126528
ldv-linux-4.0-rc1-mav/linux-4.0-rc1---drivers--usb--misc--uss720.ko_false-unreach-call.cil.c																	ERROR (recursion)	134.323378671	67.09671639511362	3087.982592
ldv-linux-4.0-rc1-mav/linux-4.0-rc1---drivers--usb--misc--yurex.ko_false-unreach-call.cil.c																	false(unreach-call)	70.433904212	26.843667791690677	2296.844288
ldv-linux-4.0-rc1-mav/linux-4.0-rc1---drivers--usb--musb--musb_hdrc.ko_false-unreach-call.cil.c																	TIMEOUT	902.695951769	798.3769538556226	1406.341120
ldv-linux-4.0-rc1-mav/linux-4.0-rc1---drivers--video--fbdev--core--fb.ko_false-unreach-call.cil.c																	false(unreach-call)	46.490498558	25.0530562880449	908.349440
ldv-linux-4.0-rc1-mav/linux-4.0-rc1---drivers--video--fbdev--s3fb.ko_false-unreach-call.cil.c																	TIMEOUT	907.224045777	757.9715619669296	1421.611008
ldv-linux-4.0-rc1-mav/linux-4.0-rc1---drivers--video--fbdev--udlfb.ko_false-unreach-call.cil.c																	TIMEOUT	901.627135194	879.5514639378525	603.172864
ldv-linux-4.0-rc1-mav/linux-4.0-rc1---fs--ncpfs--ncpfs.ko_false-unreach-call.cil.c																	TIMEOUT	903.609054844	842.09948068019	863.297536
ldv-linux-4.0-rc1-mav/linux-4.0-rc1---kernel--locking--locktorture.ko_false-unreach-call.cil.c																	TIMEOUT	902.782025825	848.8347401549108	1381.785600
ldv-linux-4.0-rc1-mav/linux-4.0-rc1---net--netfilter--nf_tables.ko_false-unreach-call.cil.c																	TIMEOUT	905.847245182	766.3850133386441	2205.093888
ldv-linux-4.0-rc1-mav/linux-4.0-rc1---net--netfilter--nfnetlink_log.ko_false-unreach-call.cil.c																	TIMEOUT	901.35522708	873.5539520271122	672.878592
ldv-linux-4.0-rc1-mav/linux-4.0-rc1---sound--core--seq--oss--snd-seq-oss.ko_false-unreach-call.cil.c																	TIMEOUT	901.338920144	861.5292251901701	1091.043328
ldv-linux-4.0-rc1-mav/linux-4.0-rc1---sound--pci--ice1712--snd-ice1724.ko_false-unreach-call.cil.c																	TIMEOUT	901.810400048	868.6153564937413	1268.363264
ldv-linux-4.0-rc1-mav/linux-4.0-rc1---drivers--char--ipmi--ipmi_msghandler.ko_true-unreach-call.cil.c																	ERROR (recursion)	14.445299425	3.659526308067143	359.948288
ldv-linux-4.0-rc1-mav/linux-4.0-rc1---drivers--hwmon--applesmc.ko_true-unreach-call.cil.c																	TIMEOUT	901.799930868	732.5968370540068	1094.807552
ldv-linux-4.0-rc1-mav/linux-4.0-rc1---drivers--hwmon--nct6775.ko_true-unreach-call.cil.c																	TIMEOUT	905.783853034	745.9444749732502	1888.456704
ldv-linux-4.0-rc1-mav/linux-4.0-rc1---drivers--media--usb--dvb-usb-v2--dvb-usb-mxl111sf.ko_true-unreach-call.cil.c																	TIMEOUT	903.385654912	760.6535800560378	1461.751808
ldv-linux-4.0-rc1-mav/linux-4.0-rc1---drivers--mmc--card--mmc_test.ko_true-unreach-call.cil.c																	TIMEOUT	901.356629708	884.0934133017436	562.917376
ldv-linux-4.0-rc1-mav/linux-4.0-rc1---drivers--mtd--devices--docg3.ko_true-unreach-call.cil.c																	EXCEPTION	12.131182398	3.117491695098579	333.602816
ldv-linux-4.0-rc1-mav/linux-4.0-rc1---drivers--net--ethernet--amd--amd8111e.ko_true-unreach-call.cil.c																	TIMEOUT	906.798225638	733.6290992558934	1246.859264
ldv-linux-4.0-rc1-mav/linux-4.0-rc1---drivers--net--ethernet--atheros--atl1e--atl1e.ko_true-unreach-call.cil.c																	TIMEOUT	910.522373137	628.146033803001	1257.054208
ldv-linux-4.0-rc1-mav/linux-4.0-rc1---drivers--net--ethernet--dec--tulip--dmfe.ko_true-unreach-call.cil.c																	TIMEOUT	903.208912089	698.8587186243385	1035.718656
ldv-linux-4.0-rc1-mav/linux-4.0-rc1---drivers--net--ethernet--ethoc.ko_true-unreach-call.cil.c																	TIMEOUT	904.804911716	788.3428969867527	873.979904
ldv-linux-4.0-rc1-mav/linux-4.0-rc1---drivers--net--ethernet--icplus--ipg.ko_true-unreach-call.cil.c																	TIMEOUT	904.819626725	639.8566564559005	1922.871296
ldv-linux-4.0-rc1-mav/linux-4.0-rc1---drivers--net--ethernet--intel--igbvf--igbvf.ko_true-unreach-call.cil.c																	ERROR (recursion)	29.040707057	6.952183596324176	751.288320
ldv-linux-4.0-rc1-mav/linux-4.0-rc1---drivers--net--wireless--rtl818x--rtl8180--rtl818x_pci.ko_true-unreach-call.cil.c																	TIMEOUT	902.380650924	874.063586588949	1263.497216
ldv-linux-4.0-rc1-mav/linux-4.0-rc1---drivers--scsi--BusLogic.ko_true-unreach-call.cil.c																	TIMEOUT	902.362451128	835.6775991725735	932.229120
ldv-linux-4.0-rc1-mav/linux-4.0-rc1---drivers--usb--host--u132-hcd.ko_true-unreach-call.cil.c																	TIMEOUT	902.037536823	874.0752080832608	829.165568
ldv-linux-4.0-rc1-mav/linux-4.0-rc1---drivers--vme--bridges--vme_ca91cx42.ko_true-unreach-call.cil.c																	TIMEOUT	903.7769879	747.3690079092048	1342.656512
ldv-linux-4.0-rc1-mav/linux-4.0-rc1---drivers--xen--xen-pciback--xen-pciback.ko_true-unreach-call.cil.c																	TIMEOUT	917.186009994	672.6849257480353	2083.508224
ldv-linux-4.0-rc1-mav/linux-4.0-rc1---fs--nfs--nfsv2.ko_true-unreach-call.cil.c																	TIMEOUT	902.808220174	813.6757188132033	1137.090560
ldv-linux-4.0-rc1-mav/linux-4.0-rc1---fs--squashfs--squashfs.ko_true-unreach-call.cil.c																	ERROR (recursion)	13.516370569	3.4556865212507546	318.955520
ldv-linux-4.0-rc1-mav/linux-4.0-rc1---net--rose--rose.ko_true-unreach-call.cil.c																	TIMEOUT	901.383540685	875.0621249987744	737.054720
ldv-linux-4.0-rc1-mav/linux-4.0-rc1---sound--drivers--vx--snd-vx-lib.ko_true-unreach-call.cil.c																	TIMEOUT	902.36803533	867.885842863936	1077.415936
ldv-linux-4.0-rc1-mav/linux-4_true-termination.0-rc1---drivers--media--rc--lirc_dev.ko_true-unreach-call.cil.c																	true	10.64124472	2.8045028671622276	264.515584
ldv-linux-3.14/linux-3.14__linux-usb-dev__drivers-net-fddi-skfp-skfp_true-unreach-call.cil.c													TIMEOUT	910.233511429	696.9182407301851	1413.058560				
ldv-linux-3.14/linux-3.14__linux-usb-dev__drivers-net-irda-via-ircc_true-unreach-call.cil.c													TIMEOUT	903.828270374	768.5028186039999	1348.059136				
ldv-linux-3.14/linux-3.14__linux-usb-dev__drivers-net-wireless-airo_true-unreach-call.cil.c													TIMEOUT	904.541722487	672.4767542439513	1877.094400				
ldv-linux-3.14/linux-3.14__linux-usb-dev__drivers-net-wireless-b43legacy-b43legacy_true-unreach-call.cil.c													TIMEOUT	902.319429847	846.3649734663777	1441.292288				
ldv-linux-3.14/linux-3.14__linux-usb-dev__drivers-net-wireless-ipw2x00-ipw2100_true-unreach-call.cil.c													TIMEOUT	902.477965414	632.8906376240775	1610.612736				
ldv-linux-3.14/linux-3.14__linux-usb-dev__drivers-net-wireless-ipw2x00-ipw2200_true-unreach-call.cil.c													TIMEOUT	901.944128904	816.4115515938029	1130.102784				
ldv-linux-3.14/linux-3.14__linux-usb-dev__drivers-net-wireless-mwifiex-mwifiex_true-unreach-call.cil.c													TIMEOUT	901.658771278	875.4652473358437	946.757632				
ldv-linux-3.14/linux-3.14__linux-usb-dev__drivers-net-wireless-rtlwifi-rtl8723ae-rtl8723ae_true-unreach-call.cil.c													ERROR (recursion)	40.302780532	18.486434071790427	1125.343232				
ldv-linux-4.0-rc1-mav/linux-4.0-rc1---drivers--atm--fore_200e.ko_false-unreach-call.cil.c													false(unreach-call)	19.024569807	4.5771196582354605	543.117312				
ldv-linux-4.0-rc1-mav/linux-4.0-rc1---drivers--block--mtip32xx--mtip32xx.ko_false-unreach-call.cil.c													false(unreach-call)	328.436331072	272.8132057483308	1486.868480				
ldv-linux-4.0-rc1-mav/linux-4.0-rc1---drivers--block--nvme.ko_false-unreach-call.cil.c													TIMEOUT	903.541749216	818.0245687467977	1476.702208				
ldv-linux-4.0-rc1-mav/linux-4.0-rc1---drivers--block--paride--pf.ko_false-unreach-call.cil.c													false(unreach-call)	18.525683679	4.646185872610658	407.674880				
ldv-linux-4.0-rc1-mav/linux-4.0-rc1---drivers--block--rsxx--rsxx.ko_false-unreach-call.cil.c													TIMEOUT	902.273569045	731.1906342371367	805.105664				
ldv-linux-4.0-rc1-mav/linux-4.0-rc1---drivers--block--skd.ko_false-unreach-call.cil.c													TIMEOUT	904.769090868	790.871006257832	1284.497408				
ldv-linux-4.0-rc1-mav/linux-4.0-rc1---drivers--block--virtio_blk.ko_false-unreach-call.cil.c													TIMEOUT	902.866366344	463.49441660707816	3662.258176				
ldv-linux-4.0-rc1-mav/linux-4.0-rc1---drivers--block--xen-blkfront.ko_false-unreach-call.cil.c													TIMEOUT	901.810801567	868.9766034022905	987.369472				
ldv-linux-4.0-rc1-mav/linux-4.0-rc1---drivers--firewire--firewire-core.ko_false-unreach-call.cil.c													TIMEOUT	903.823229178	818.8692708988674	1404.190720				
ldv-linux-4.0-rc1-mav/linux-4.0-rc1---drivers--gpu--drm--ast--ast.ko_false-unreach-call.cil.c													TIMEOUT	904.339698342	741.2150062122382	2056.552448				
ldv-linux-4.0-rc1-mav/linux-4.0-rc1---drivers--gpu--drm--qxl--qxl.ko_false-unreach-call.cil.c													TIMEOUT	913.740120414	793.3314105006866	1532.997632				
ldv-linux-4.0-rc1-mav/linux-4.0-rc1---drivers--hid--hid-wiimote.ko_false-unreach-call.cil.c													ERROR (recursion)	36.547998316	14.434514484368265	1083.998208				
ldv-linux-4.0-rc1-mav/linux-4.0-rc1---drivers--hid--usbhid--usbhid.ko_false-unreach-call.cil.c													TIMEOUT	903.216184569	802.6530712903477	1131.393024				
ldv-linux-4.0-rc1-mav/linux-4.0-rc1---drivers--ide--ide-core.ko_false-unreach-call.cil.c													TIMEOUT	906.909084856	659.7426100699231	2224.603136				
ldv-linux-4.0-rc1-mav/linux-4.0-rc1---drivers--iio--accel--kxcjk-1013.ko_false-unreach-call.cil.c													TIMEOUT	902.381571128	746.1437792247161	1054.998528				
ldv-linux-4.0-rc1-mav/linux-4.0-rc1---drivers--infiniband--ulp--srp--ib_srp.ko_false-unreach-call.cil.c													false(unreach-call)	21.422091765	5.58389264671132	651.046912				
ldv-linux-4.0-rc1-mav/linux-4.0-rc1---drivers--input--misc--ims-pcu.ko_false-unreach-call.cil.c													TIMEOUT	901.254647515	787.0810299515724	610.164736				
ldv-linux-4.0-rc1-mav/linux-4.0-rc1---drivers--input--touchscreen--elants_i2c.ko_false-unreach-call.cil.c													TIMEOUT	901.718928643	674.6487269862555	1106.391040				
ldv-linux-4.0-rc1-mav/linux-4.0-rc1---drivers--input--touchscreen--usbtouchscreen.ko_false-unreach-call.cil.c													false(unreach-call)	34.056940341	11.636998287867755	682.815488				
ldv-linux-4.0-rc1-mav/linux-4.0-rc1---drivers--md--raid456.ko_false-unreach-call.cil.c													TIMEOUT	904.468766352	755.1026735748164	964.698112				
ldv-linux-4.0-rc1-mav/linux-4.0-rc1---drivers--media--dvb-core--dvb-core.ko_false-unreach-call.cil.c													false(unreach-call)	59.443461649	24.885102862026542	1266.880512				
ldv-linux-4.0-rc1-mav/linux-4.0-rc1---drivers--media--usb--gspca--gspca_main.ko_false-unreach-call.cil.c													false(unreach-call)	201.656351854	171.52460658317432	889.651200				
ldv-linux-4.0-rc1-mav/linux-4.0-rc1---drivers--media--usb--ttusb-budget--dvb-ttusb-budget.ko_false-unreach-call.cil.c													TIMEOUT	911.154861592	670.6922548650764	1845.882880				
ldv-linux-4.0-rc1-mav/linux-4.0-rc1---drivers--media--usb--uvc--uvcvideo.ko_false-unreach-call.cil.c													TIMEOUT	905.511143585	626.8438506480306	1923.502080				
ldv-linux-4.0-rc1-mav/linux-4.0-rc1---drivers--memstick--core--ms_block.ko_false-unreach-call.cil.c													false(unreach-call)	17.053989882	4.211010453756899	368.316416				
ldv-linux-4.0-rc1-mav/linux-4.0-rc1---drivers--memstick--core--mspro_block.ko_false-unreach-call.cil.c													false(unreach-call)	15.8905216	3.8642844171263278	323.514368				
ldv-linux-4.0-rc1-mav/linux-4.0-rc1---drivers--misc--mic--host--mic_host.ko_false-unreach-call.cil.c													ERROR (recursion)	20.373639679	5.487735474016517	530.223104				
ldv-linux-4.0-rc1-mav/linux-4.0-rc1---drivers--misc--sgi-gru--gru.ko_false-unreach-call.cil.c													TIMEOUT	901.854512125	875.0783287868835	838.176768				
ldv-linux-4.0-rc1-mav/linux-4.0-rc1---drivers--mtd--sm_ftl.ko_false-unreach-call.cil.c													TIMEOUT	902.555291598	843.0631512957625	598.683648				
ldv-linux-4.0-rc1-mav/linux-4.0-rc1---drivers--mtd--ubi--ubi.ko_false-unreach-call.cil.c													false(unreach-call)	34.756525961	14.810675475746393	944.783360				
ldv-linux-4.0-rc1-mav/linux-4.0-rc1---drivers--net--can--janz-ican3.ko_false-unreach-call.cil.c													false(unreach-call)	52.498439281	14.721631187945604	887.402496				
ldv-linux-4.0-rc1-mav/linux-4.0-rc1---drivers--net--ethernet--8390--pcnet_cs.ko_false-unreach-call.cil.c													false(unreach-call)	32.645813628	14.826459356117994	729.387008				
ldv-linux-4.0-rc1-mav/linux-4.0-rc1---drivers--net--ethernet--atheros--alx--alx.ko_false-unreach-call.cil.c													TIMEOUT	905.947993014	646.2455709991045	2433.581056				
ldv-linux-4.0-rc1-mav/linux-4.0-rc1---drivers--net--ethernet--broadcom--tg3.ko_false-unreach-call.cil.c													false(unreach-call)	36.499060041	12.195906958077103	1462.726656				
ldv-linux-4.0-rc1-mav/linux-4.0-rc1---drivers--net--ethernet--cisco--enic--enic.ko_false-unreach-call.cil.c													false(unreach-call)	34.261861416	9.319115621037781	763.375616				
ldv-linux-4.0-rc1-mav/linux-4.0-rc1---drivers--net--ethernet--intel--i40evf--i40evf.ko_false-unreach-call.cil.c													TIMEOUT	904.873761415	596.9210538007319	2734.215168				
ldv-linux-4.0-rc1-mav/linux-4.0-rc1---drivers--net--ethernet--qlogic--netxen--netxen_nic.ko_false-unreach-call.cil.c													TIMEOUT	902.331726268	860.792188404128	883.912704				
ldv-linux-4.0-rc1-mav/linux-4.0-rc1---drivers--net--ethernet--qlogic--qlge--qlge.ko_false-unreach-call.cil.c													false(unreach-call)	32.527329408	9.611018187366426	817.922048				
ldv-linux-4.0-rc1-mav/linux-4.0-rc1---drivers--net--ethernet--smsc--smc91c92_cs.ko_false-unreach-call.cil.c													false(unreach-call)	25.348614219	6.893987595103681	533.561344				
ldv-linux-4.0-rc1-mav/linux-4.0-rc1---drivers--net--ppp--ppp_generic.ko_false-unreach-call.cil.c													false(unreach-call)	388.999065791	350.43276323517784	1099.087872				
ldv-linux-4.0-rc1-mav/linux-4.0-rc1---drivers--net--team--team.ko_false-unreach-call.cil.c													TIMEOUT	901.249376022	874.1265368992463	882.241536				
ldv-linux-4.0-rc1-mav/linux-4.0-rc1---drivers--net--usb--kaweth.ko_false-unreach-call.cil.c													TIMEOUT	905.350962323	684.8949635243043	1968.222208				
ldv-linux-4.0-rc1-mav/linux-4.0-rc1---drivers--net--wireless--ath--ar5523--ar5523.ko_false-unreach-call.cil.c													false(unreach-call)	25.194924102	6.745534321758896	662.249472				
ldv-linux-4.0-rc1-mav/linux-4.0-rc1---drivers--net--wireless--rtlwifi--rtl8192de--rtl8192de.ko_false-unreach-call.cil.c													TIMEOUT	903.909534223	860.55985227786	1004.376064				
ldv-linux-4.0-rc1-mav/linux-4.0-rc1---drivers--nfc--port100.ko_false-unreach-call.cil.c													false(unreach-call)	15.949485078	4.160234403796494	413.536256				
ldv-linux-3.14/linux-3.14__linux-kernel-locking-mutex__drivers-net-ethernet-broadcom-tg3_true-unreach-call.cil.c									TIMEOUT	905.01005334	814.808870727662	1987.022848								
ldv-linux-3.14/linux-3.14__linux-kernel-locking-mutex__drivers-net-ethernet-chelsio-cxgb3-cxgb3_true-unreach-call.cil.c									TIMEOUT	902.98547222	866.6254873871803	1883.111424								
ldv-linux-3.14/linux-3.14__linux-kernel-locking-mutex__drivers-net-ethernet-intel-e1000-e1000_true-unreach-call.cil.c									TIMEOUT	905.698510058	773.9167826841585	1199.198208								
ldv-linux-3.14/linux-3.14__linux-kernel-locking-mutex__drivers-net-ethernet-intel-i40e-i40e_true-unreach-call.cil.c									TIMEOUT	910.000160083	750.4246980478056	1801.719808								
ldv-linux-3.14/linux-3.14__linux-kernel-locking-mutex__drivers-net-ethernet-intel-ixgbe-ixgbe_true-unreach-call.cil.c									ERROR (recursion)	45.403058955	17.05657225009054	1294.987264								
ldv-linux-3.14/linux-3.14__linux-kernel-locking-mutex__drivers-net-ethernet-nvidia-forcedeth_true-unreach-call.cil.c									TIMEOUT	903.224448223	868.5174148241058	714.915840								
ldv-linux-3.14/linux-3.14__linux-kernel-locking-mutex__drivers-net-ethernet-ti-tlan_true-unreach-call.cil.c									TIMEOUT	907.598360664	606.9120185719803	2031.386624								
ldv-linux-3.14/linux-3.14__linux-kernel-locking-mutex__drivers-net-fddi-skfp-skfp_true-unreach-call.cil.c									TIMEOUT	904.471796347	778.3919453201815	1723.424768								
ldv-linux-3.14/linux-3.14__linux-kernel-locking-mutex__drivers-net-wireless-b43legacy-b43legacy_true-unreach-call.cil.c									TIMEOUT	903.044671063	855.0563450618647	1607.208960								
ldv-linux-3.14/linux-3.14__linux-kernel-locking-mutex__drivers-net-wireless-ipw2x00-ipw2100_true-unreach-call.cil.c									TIMEOUT	903.864146364	710.6382089653052	2035.449856								
ldv-linux-3.14/linux-3.14__linux-kernel-locking-mutex__drivers-net-wireless-libertas-libertas_true-unreach-call.cil.c									TIMEOUT	903.23817671	716.1489901081659	2565.873664								
ldv-linux-3.14/linux-3.14__linux-kernel-locking-mutex__drivers-net-wireless-mwifiex-mwifiex_true-unreach-call.cil.c									TIMEOUT	901.719935311	874.7671995838173	1175.367680								
ldv-linux-3.14/linux-3.14__linux-kernel-locking-mutex__drivers-net-wireless-rtlwifi-rtl8723ae-rtl8723ae_true-unreach-call.cil.c									ERROR (recursion)	68.646584421	42.958142042160034	958.734336								
ldv-linux-3.14/linux-3.14__linux-kernel-locking-spinlock__drivers-media-i2c-cx25840-cx25840_true-unreach-call.cil.c									TIMEOUT	901.707090784	633.4103218116798	1729.843200								
ldv-linux-3.14/linux-3.14__linux-kernel-locking-spinlock__drivers-media-pci-saa7164-saa7164_true-unreach-call.cil.c									TIMEOUT	907.079071341	786.4466746300459	1388.670976								
ldv-linux-3.14/linux-3.14__linux-kernel-locking-spinlock__drivers-media-usb-gspca-gspca_ov519_true-unreach-call.cil.c									TIMEOUT	902.554249532	774.5558223221451	1385.340928								
ldv-linux-3.14/linux-3.14__linux-kernel-locking-spinlock__drivers-media-usb-gspca-gspca_topro_true-unreach-call.cil.c									TIMEOUT	903.706613562	735.7385780587792	1913.589760								
ldv-linux-3.14/linux-3.14__linux-kernel-locking-spinlock__drivers-media-usb-tm6000-tm6000_true-unreach-call.cil.c									TIMEOUT	901.639872768	865.2134500499815	814.276608								
ldv-linux-3.14/linux-3.14__linux-kernel-locking-spinlock__drivers-net-ethernet-3com-3c59x_true-unreach-call.cil.c									TIMEOUT	909.822690491	582.1588151841424	1885.093888								
ldv-linux-3.14/linux-3.14__linux-kernel-locking-spinlock__drivers-net-ethernet-atheros-atl1c-atl1c_true-unreach-call.cil.c									TIMEOUT	903.687588292	822.5072787841782	1565.052928								
ldv-linux-3.14/linux-3.14__linux-kernel-locking-spinlock__drivers-net-ethernet-broadcom-bnx2_true-unreach-call.cil.c									TIMEOUT	904.540727072	723.9912934238091	2085.371904								
ldv-linux-3.14/linux-3.14__linux-kernel-locking-spinlock__drivers-net-ethernet-cisco-enic-enic_true-unreach-call.cil.c									TIMEOUT	901.041172629	874.5609998740256	773.681152								
ldv-linux-3.14/linux-3.14__linux-kernel-locking-spinlock__drivers-net-ethernet-intel-i40e-i40e_true-unreach-call.cil.c									TIMEOUT	915.295612112	736.149665556848	1732.018176								
ldv-linux-3.14/linux-3.14__linux-kernel-locking-spinlock__drivers-net-ethernet-marvell-skge_true-unreach-call.cil.c									TIMEOUT	910.045970251	640.2460828050971	1638.641664								
ldv-linux-3.14/linux-3.14__linux-kernel-locking-spinlock__drivers-net-ethernet-marvell-sky2_true-unreach-call.cil.c									TIMEOUT	903.984742787	797.1016119979322	1658.986496								
ldv-linux-3.14/linux-3.14__linux-kernel-locking-spinlock__drivers-net-ethernet-myricom-myri10ge-myri10ge_true-unreach-call.cil.c									TIMEOUT	904.158330349	785.7977535747923	910.409728								
ldv-linux-3.14/linux-3.14__linux-kernel-locking-spinlock__drivers-net-ethernet-qlogic-qlge-qlge_true-unreach-call.cil.c									TIMEOUT	910.957807852	700.8981918757781	1266.429952								
ldv-linux-3.14/linux-3.14__linux-kernel-locking-spinlock__drivers-net-ethernet-sun-sunhme_true-unreach-call.cil.c									TIMEOUT	901.397780019	882.6881933417171	510.124032								
ldv-linux-3.14/linux-3.14__linux-kernel-locking-spinlock__drivers-net-fddi-skfp-skfp_true-unreach-call.cil.c									TIMEOUT	912.681075217	738.2887412533164	1517.666304								
ldv-linux-3.14/linux-3.14__linux-kernel-locking-spinlock__drivers-net-irda-via-ircc_true-unreach-call.cil.c									TIMEOUT	903.996975573	796.8464862708934	1481.920512								
ldv-linux-3.14/linux-3.14__linux-kernel-locking-spinlock__drivers-net-vmxnet3-vmxnet3_true-unreach-call.cil.c									TIMEOUT	903.524627192	791.1089810277335	1519.706112								
ldv-linux-3.14/linux-3.14__linux-kernel-locking-spinlock__drivers-net-wireless-airo_true-unreach-call.cil.c									TIMEOUT	904.532935806	760.5993675510399	2029.060096								
ldv-linux-3.14/linux-3.14__linux-kernel-locking-spinlock__drivers-net-wireless-ipw2x00-ipw2100_true-unreach-call.cil.c									TIMEOUT	904.441348737	683.6111549111083	1724.030976								
ldv-linux-3.14/linux-3.14__linux-kernel-locking-spinlock__drivers-net-wireless-ipw2x00-ipw2200_true-unreach-call.cil.c									TIMEOUT	902.601357593	859.0517879058607	1395.408896								
ldv-linux-3.14/linux-3.14__linux-kernel-locking-spinlock__drivers-net-wireless-mwifiex-mwifiex_true-unreach-call.cil.c									TIMEOUT	901.62032534	876.0964998621494	1030.651904								
ldv-linux-3.14/linux-3.14__linux-kernel-locking-spinlock__drivers-net-wireless-rtlwifi-rtl8188ee-rtl8188ee_true-unreach-call.cil.c									ERROR (recursion)	202.257757135	176.1247660079971	831.258624								
ldv-linux-3.14/linux-3.14__linux-kernel-locking-spinlock__drivers-net-wireless-rtlwifi-rtl8723ae-rtl8723ae_true-unreach-call.cil.c									ERROR (recursion)	72.632447219	49.32461815606803	1065.136128								
ldv-linux-3.14/linux-3.14__linux-usb-dev__drivers-media-i2c-cx25840-cx25840_true-unreach-call.cil.c									TIMEOUT	901.21872425	638.0169668672606	1956.577280								
ldv-linux-3.14/linux-3.14__linux-usb-dev__drivers-media-pci-saa7164-saa7164_true-unreach-call.cil.c									TIMEOUT	908.361614649	782.3340927991085	1563.623424								
ldv-linux-3.14/linux-3.14__linux-usb-dev__drivers-media-usb-gspca-gspca_topro_true-unreach-call.cil.c									TIMEOUT	903.826389906	730.7122432552278	1923.506176								
ldv-linux-3.14/linux-3.14__linux-usb-dev__drivers-net-ethernet-3com-3c59x_true-unreach-call.cil.c									TIMEOUT	904.452737661	698.0681800590828	1676.144640								
ldv-linux-3.14/linux-3.14__linux-usb-dev__drivers-net-ethernet-broadcom-bnx2_true-unreach-call.cil.c									TIMEOUT	904.22634988	708.219282975886	2390.487040								
ldv-linux-3.14/linux-3.14__linux-usb-dev__drivers-net-ethernet-chelsio-cxgb3-cxgb3_true-unreach-call.cil.c									TIMEOUT	902.089128631	864.7621071189642	2005.704704								
ldv-linux-3.14/linux-3.14__linux-usb-dev__drivers-net-ethernet-cisco-enic-enic_true-unreach-call.cil.c									TIMEOUT	900.890380441	874.2316738469526	905.338880								
ldv-linux-3.14/linux-3.14__linux-usb-dev__drivers-net-ethernet-emulex-benet-be2net_true-unreach-call.cil.c									TIMEOUT	901.594428597	694.9456293699332	1410.351104								
ldv-linux-3.14/linux-3.14__linux-usb-dev__drivers-net-ethernet-intel-e1000-e1000_true-unreach-call.cil.c									TIMEOUT	903.179368369	818.2165383948013	1346.224128								
ldv-linux-3.14/linux-3.14__linux-usb-dev__drivers-net-ethernet-intel-i40e-i40e_true-unreach-call.cil.c									TIMEOUT	912.405370549	720.5774638401344	1676.013568								
ldv-linux-3.14/linux-3.14__linux-usb-dev__drivers-net-ethernet-intel-ixgbe-ixgbe_true-unreach-call.cil.c									ERROR (recursion)	39.606272296	13.034683027304709	1199.239168								
ldv-linux-3.14/linux-3.14__linux-usb-dev__drivers-net-ethernet-marvell-skge_true-unreach-call.cil.c									TIMEOUT	909.284423979	788.0741835711524	1699.868672								
ldv-linux-3.14/linux-3.14__linux-usb-dev__drivers-net-ethernet-qlogic-qlge-qlge_true-unreach-call.cil.c									TIMEOUT	903.549399248	733.0686877407134	1596.350464								
ldv-linux-3.14/linux-3.14__linux-usb-dev__drivers-net-ethernet-sun-sunhme_true-unreach-call.cil.c									TIMEOUT	901.435175803	884.0491041587666	477.470720								
ldv-linux-3.14/linux-3.14__linux-usb-dev__drivers-net-ethernet-ti-tlan_true-unreach-call.cil.c									TIMEOUT	905.555396496	668.5828249501064	2498.269184								
ldv-linux-3.14/linux-3.14__linux-usb-dev__drivers-net-ethernet-via-via-velocity_true-unreach-call.cil.c									TIMEOUT	903.775484772	813.2032498428598	994.205696								
ldv-linux-3.14/linux-3.14__complex_emg__linux-usb-dev__drivers-net-wireless-airo_true-unreach-call.cil.c					TIMEOUT	901.610947216	839.8710462120362	730.488832												
ldv-linux-3.14/linux-3.14__complex_emg__linux-usb-dev__drivers-net-wireless-b43legacy-b43legacy_true-unreach-call.cil.c					TIMEOUT	902.10815195	853.1695671188645	1065.488384												
ldv-linux-3.14/linux-3.14__complex_emg__linux-usb-dev__drivers-net-wireless-ipw2x00-ipw2100_true-unreach-call.cil.c					TIMEOUT	903.832647175	757.938244109042	901.824512												
ldv-linux-3.14/linux-3.14__complex_emg__linux-usb-dev__drivers-net-wireless-ipw2x00-ipw2200_true-unreach-call.cil.c					TIMEOUT	903.246102427	806.16876502987	965.971968												
ldv-linux-3.14/linux-3.14__complex_emg__linux-usb-dev__drivers-net-wireless-libertas-libertas_true-unreach-call.cil.c					TIMEOUT	902.152813817	874.152794609312	930.095104												
ldv-linux-3.14/linux-3.14__complex_emg__linux-usb-dev__drivers-net-wireless-mwifiex-mwifiex_true-unreach-call.cil.c					TIMEOUT	902.132520723	849.6171039668843	862.674944												
ldv-linux-3.14/linux-3.14__complex_emg__linux-usb-dev__drivers-net-wireless-rndis_wlan_true-unreach-call.cil.c					TIMEOUT	902.270669363	792.2569760959595	659.271680												
ldv-linux-3.14/linux-3.14__complex_emg__linux-usb-dev__drivers-net-wireless-rtlwifi-rtl8188ee-rtl8188ee_true-unreach-call.cil.c					TIMEOUT	902.650631263	843.1114404420368	932.163584												
ldv-linux-3.14/linux-3.14__complex_emg__linux-usb-dev__drivers-net-wireless-rtlwifi-rtl8192de-rtl8192de_true-unreach-call.cil.c					TIMEOUT	902.275650976	850.8218821468763	1076.928512												
ldv-linux-3.14/linux-3.14__complex_emg__linux-usb-dev__drivers-net-wireless-rtlwifi-rtl8192se-rtl8192se_true-unreach-call.cil.c					TIMEOUT	902.954100482	835.0336154070683	773.337088												
ldv-linux-3.14/linux-3.14__complex_emg__linux-usb-dev__drivers-net-wireless-rtlwifi-rtl8723ae-rtl8723ae_true-unreach-call.cil.c					TIMEOUT	902.161303115	779.397789365612	820.649984												
ldv-linux-3.14/linux-3.14__linux-alloc-spinlock__drivers-media-i2c-cx25840-cx25840_true-unreach-call.cil.c					TIMEOUT	904.486442482	645.7049140776508	1763.438592												
ldv-linux-3.14/linux-3.14__linux-alloc-spinlock__drivers-media-pci-saa7164-saa7164_true-unreach-call.cil.c					TIMEOUT	909.965946121	814.6302400198765	1500.520448												
ldv-linux-3.14/linux-3.14__linux-alloc-spinlock__drivers-media-usb-gspca-gspca_topro_true-unreach-call.cil.c					TIMEOUT	903.728654859	757.6373291090131	1854.926848												
ldv-linux-3.14/linux-3.14__linux-alloc-spinlock__drivers-net-ethernet-broadcom-bnx2_true-unreach-call.cil.c					TIMEOUT	902.984291599	692.3468029606156	1486.929920												
ldv-linux-3.14/linux-3.14__linux-alloc-spinlock__drivers-net-ethernet-chelsio-cxgb3-cxgb3_true-unreach-call.cil.c					TIMEOUT	903.179824	866.288120039273	1734.131712												
ldv-linux-3.14/linux-3.14__linux-alloc-spinlock__drivers-net-ethernet-chelsio-cxgb4-cxgb4_true-unreach-call.cil.c					TIMEOUT	902.902503406	811.5756032927893	2374.791168												
ldv-linux-3.14/linux-3.14__linux-alloc-spinlock__drivers-net-ethernet-intel-i40e-i40e_true-unreach-call.cil.c					TIMEOUT	903.579779223	702.42179815704	1454.239744												
ldv-linux-3.14/linux-3.14__linux-alloc-spinlock__drivers-net-ethernet-intel-ixgbe-ixgbe_true-unreach-call.cil.c					ERROR (recursion)	46.761194182	18.118262346833944	1317.928960												
ldv-linux-3.14/linux-3.14__linux-alloc-spinlock__drivers-net-ethernet-marvell-skge_true-unreach-call.cil.c					TIMEOUT	909.431352208	703.358471206855	1732.452352												
ldv-linux-3.14/linux-3.14__linux-alloc-spinlock__drivers-net-ethernet-myricom-myri10ge-myri10ge_true-unreach-call.cil.c					TIMEOUT	901.718024156	762.1096285432577	888.836096												
ldv-linux-3.14/linux-3.14__linux-alloc-spinlock__drivers-net-ethernet-sun-sunhme_true-unreach-call.cil.c					TIMEOUT	901.49929807	883.2330754101276	519.516160												
ldv-linux-3.14/linux-3.14__linux-alloc-spinlock__drivers-net-ethernet-ti-tlan_true-unreach-call.cil.c					TIMEOUT	904.625605773	591.0373761486262	2015.629312												
ldv-linux-3.14/linux-3.14__linux-alloc-spinlock__drivers-net-fddi-skfp-skfp_true-unreach-call.cil.c					TIMEOUT	913.090648237	792.6104769897647	1588.723712												
ldv-linux-3.14/linux-3.14__linux-alloc-spinlock__drivers-net-irda-via-ircc_true-unreach-call.cil.c					TIMEOUT	907.614596351	740.1620048014447	1417.498624												
ldv-linux-3.14/linux-3.14__linux-alloc-spinlock__drivers-net-wireless-airo_true-unreach-call.cil.c					TIMEOUT	904.657058188	748.5374761829153	2083.536896												
ldv-linux-3.14/linux-3.14__linux-alloc-spinlock__drivers-net-wireless-b43legacy-b43legacy_true-unreach-call.cil.c					TIMEOUT	902.156242241	860.3863752270117	1335.091200												
ldv-linux-3.14/linux-3.14__linux-alloc-spinlock__drivers-net-wireless-rtlwifi-rtl8188ee-rtl8188ee_true-unreach-call.cil.c					ERROR (recursion)	205.325884078	177.89477884816006	750.706688												
ldv-linux-3.14/linux-3.14__linux-alloc-spinlock__drivers-net-wireless-rtlwifi-rtl8723ae-rtl8723ae_true-unreach-call.cil.c					ERROR (recursion)	76.172135034	51.839473528787494	1086.525440												
ldv-linux-3.14/linux-3.14__linux-drivers-clk1__drivers-media-i2c-cx25840-cx25840_true-unreach-call.cil.c					TIMEOUT	907.890513121	656.2620439212769	1889.533952												
ldv-linux-3.14/linux-3.14__linux-drivers-clk1__drivers-media-pci-saa7164-saa7164_true-unreach-call.cil.c					TIMEOUT	906.326232885	837.3560882830061	1537.335296												
ldv-linux-3.14/linux-3.14__linux-drivers-clk1__drivers-media-usb-gspca-gspca_topro_true-unreach-call.cil.c					TIMEOUT	903.301778565	730.8125471286476	1996.267520												
ldv-linux-3.14/linux-3.14__linux-drivers-clk1__drivers-net-ethernet-broadcom-bnx2_true-unreach-call.cil.c					TIMEOUT	903.89286533	668.9023199160583	2010.128384												
ldv-linux-3.14/linux-3.14__linux-drivers-clk1__drivers-net-ethernet-broadcom-tg3_true-unreach-call.cil.c					TIMEOUT	905.150040173	801.7221424751915	2111.827968												
ldv-linux-3.14/linux-3.14__linux-drivers-clk1__drivers-net-ethernet-chelsio-cxgb3-cxgb3_true-unreach-call.cil.c					TIMEOUT	903.010677243	865.3911716858856	2131.689472												
ldv-linux-3.14/linux-3.14__linux-drivers-clk1__drivers-net-ethernet-emulex-benet-be2net_true-unreach-call.cil.c					TIMEOUT	907.145037523	757.4333127122372	1478.754304												
ldv-linux-3.14/linux-3.14__linux-drivers-clk1__drivers-net-ethernet-intel-e1000-e1000_true-unreach-call.cil.c					TIMEOUT	906.234305512	733.3188867089339	1157.890048												
ldv-linux-3.14/linux-3.14__linux-drivers-clk1__drivers-net-ethernet-intel-i40e-i40e_true-unreach-call.cil.c					TIMEOUT	914.658153647	706.744100368116	1709.719552												
ldv-linux-3.14/linux-3.14__linux-drivers-clk1__drivers-net-ethernet-intel-ixgbe-ixgbe_true-unreach-call.cil.c					ERROR (recursion)	46.802824968	17.35013966122642	1437.270016												
ldv-linux-3.14/linux-3.14__linux-drivers-clk1__drivers-net-ethernet-nvidia-forcedeth_true-unreach-call.cil.c					TIMEOUT	901.880069731	869.42152467696	853.733376												
ldv-linux-3.14/linux-3.14__linux-drivers-clk1__drivers-net-ethernet-ti-tlan_true-unreach-call.cil.c					TIMEOUT	904.357534241	695.7866609129123	2052.386816												
ldv-linux-3.14/linux-3.14__linux-drivers-clk1__drivers-net-fddi-skfp-skfp_true-unreach-call.cil.c					TIMEOUT	906.158980989	595.0216592410579	1521.803264												
ldv-linux-3.14/linux-3.14__linux-drivers-clk1__drivers-net-wireless-airo_true-unreach-call.cil.c					TIMEOUT	909.867814511	758.2145404261537	1938.894848												
ldv-linux-3.14/linux-3.14__linux-drivers-clk1__drivers-net-wireless-b43legacy-b43legacy_true-unreach-call.cil.c					TIMEOUT	905.765071315	855.6050773481838	1475.473408												
ldv-linux-3.14/linux-3.14__linux-drivers-clk1__drivers-net-wireless-ipw2x00-ipw2100_true-unreach-call.cil.c					TIMEOUT	904.999746109	714.7659270321019	1887.301632												
ldv-linux-3.14/linux-3.14__linux-drivers-clk1__drivers-net-wireless-mwifiex-mwifiex_true-unreach-call.cil.c					TIMEOUT	900.938105663	869.706477847416	1048.195072												
ldv-linux-3.14/linux-3.14__linux-drivers-clk1__drivers-net-wireless-rtlwifi-rtl8723ae-rtl8723ae_true-unreach-call.cil.c					ERROR (recursion)	64.752692056	41.97217991296202	940.048384												
ldv-linux-3.14/linux-3.14__linux-kernel-locking-mutex__drivers-media-i2c-cx25840-cx25840_true-unreach-call.cil.c					TIMEOUT	904.695432833	640.5938198869117	1687.490560												
ldv-linux-3.14/linux-3.14__linux-kernel-locking-mutex__drivers-media-pci-saa7164-saa7164_true-unreach-call.cil.c					TIMEOUT	906.429392018	851.1055949609727	1397.141504												
ldv-linux-3.14/linux-3.14__linux-kernel-locking-mutex__drivers-media-usb-em28xx-em28xx_true-unreach-call.cil.c					TIMEOUT	901.084315212	876.5491626542062	792.358912												
ldv-linux-3.14/linux-3.14__linux-kernel-locking-mutex__drivers-media-usb-gspca-gspca_ov519_true-unreach-call.cil.c					TIMEOUT	902.869493771	763.5328476950526	1372.430336												
ldv-linux-3.14/linux-3.14__linux-kernel-locking-mutex__drivers-media-usb-gspca-gspca_topro_true-unreach-call.cil.c					TIMEOUT	903.680387559	754.5550771686248	2103.779328												
ldv-linux-3.14/linux-3.14__linux-kernel-locking-mutex__drivers-net-ethernet-broadcom-bnx2_true-unreach-call.cil.c					TIMEOUT	904.555049077	733.6441411850974	2186.346496												
ldv-linux-3.14/linux-3.14__complex_emg__linux-kernel-locking-spinlock__drivers-net-hippi-rrunner_true-unreach-call.cil.c	TIMEOUT	901.38298606	757.0158867730061	1004.429312																
ldv-linux-3.14/linux-3.14__complex_emg__linux-kernel-locking-spinlock__drivers-net-irda-via-ircc_true-unreach-call.cil.c	TIMEOUT	903.912211465	750.0061794479843	1193.717760																
ldv-linux-3.14/linux-3.14__complex_emg__linux-kernel-locking-spinlock__drivers-net-irda-vlsi_ir_true-unreach-call.cil.c	TIMEOUT	901.077865171	682.7270985610085	1317.134336																
ldv-linux-3.14/linux-3.14__complex_emg__linux-kernel-locking-spinlock__drivers-net-tun_true-unreach-call.cil.c	TIMEOUT	903.06367639	781.032553654979	752.496640																
ldv-linux-3.14/linux-3.14__complex_emg__linux-kernel-locking-spinlock__drivers-net-usb-smsc75xx_true-unreach-call.cil.c	TIMEOUT	901.502490803	781.8198492820375	787.296256																
ldv-linux-3.14/linux-3.14__complex_emg__linux-kernel-locking-spinlock__drivers-net-usb-smsc95xx_true-unreach-call.cil.c	TIMEOUT	903.430442002	766.0333204769995	711.745536																
ldv-linux-3.14/linux-3.14__complex_emg__linux-kernel-locking-spinlock__drivers-net-wan-farsync_true-unreach-call.cil.c	TIMEOUT	902.145528847	751.7858016389655	990.748672																
ldv-linux-3.14/linux-3.14__complex_emg__linux-kernel-locking-spinlock__drivers-net-wan-lmc-lmc_true-unreach-call.cil.c	TIMEOUT	901.6443065	835.3600115869194	703.426560																
ldv-linux-3.14/linux-3.14__complex_emg__linux-kernel-locking-spinlock__drivers-net-wireless-adm8211_true-unreach-call.cil.c	TIMEOUT	902.653699203	743.4913646340137	1191.936000																
ldv-linux-3.14/linux-3.14__complex_emg__linux-kernel-locking-spinlock__drivers-net-wireless-airo_true-unreach-call.cil.c	TIMEOUT	902.213023931	859.2976257780101	828.174336																
ldv-linux-3.14/linux-3.14__complex_emg__linux-kernel-locking-spinlock__drivers-net-wireless-cw1200-cw1200_wlan_spi_true-unreach-call.cil.c	TIMEOUT	901.744348929	735.1841502140742	1164.767232																
ldv-linux-3.14/linux-3.14__complex_emg__linux-kernel-locking-spinlock__drivers-net-wireless-ipw2x00-ipw2100_true-unreach-call.cil.c	TIMEOUT	904.392181273	829.0462185470387	1016.025088																
ldv-linux-3.14/linux-3.14__complex_emg__linux-kernel-locking-spinlock__drivers-net-wireless-ipw2x00-ipw2200_true-unreach-call.cil.c	TIMEOUT	901.208968259	830.0864795619855	903.655424																
ldv-linux-3.14/linux-3.14__complex_emg__linux-kernel-locking-spinlock__drivers-net-wireless-prism54-prism54_true-unreach-call.cil.c	TIMEOUT	901.569966863	760.4999407030409	942.284800																
ldv-linux-3.14/linux-3.14__complex_emg__linux-kernel-locking-spinlock__drivers-net-wireless-rtlwifi-rtl8723ae-rtl8723ae_true-unreach-call.cil.c	TIMEOUT	903.872214682	836.3542390919756	930.856960																
ldv-linux-3.14/linux-3.14__complex_emg__linux-kernel-locking-spinlock__fs-autofs4-autofs4_true-unreach-call.cil.c	TIMEOUT	903.825540215	809.0642927420558	836.243456																
ldv-linux-3.14/linux-3.14__complex_emg__linux-kernel-locking-spinlock__fs-nfs-blocklayout-blocklayoutdriver_true-unreach-call.cil.c	TIMEOUT	903.169516514	814.5728164260508	770.252800																
ldv-linux-3.14/linux-3.14__complex_emg__linux-kernel-locking-spinlock__fs-nfs-nfs_layout_nfsv41_files_true-unreach-call.cil.c	TIMEOUT	901.474466654	861.4972971599782	771.182592																
ldv-linux-3.14/linux-3.14__complex_emg__linux-usb-dev__drivers-media-pci-cx25821-cx25821_true-unreach-call.cil.c	TIMEOUT	902.639071338	875.4414200289175	921.104384																
ldv-linux-3.14/linux-3.14__complex_emg__linux-usb-dev__drivers-media-pci-saa7134-saa7134_true-unreach-call.cil.c	TIMEOUT	902.663741842	873.1509393869201	956.190720																
ldv-linux-3.14/linux-3.14__complex_emg__linux-usb-dev__drivers-media-pci-saa7164-saa7164_true-unreach-call.cil.c	TIMEOUT	902.413035629	868.190704204957	986.968064																
ldv-linux-3.14/linux-3.14__complex_emg__linux-usb-dev__drivers-media-pci-zoran-zr36067_true-unreach-call.cil.c	TIMEOUT	902.6429579	876.9138268139213	856.707072																
ldv-linux-3.14/linux-3.14__complex_emg__linux-usb-dev__drivers-media-platform-vsp1-vsp1_true-unreach-call.cil.c	TIMEOUT	902.08232816	860.6406568438979	653.447168																
ldv-linux-3.14/linux-3.14__complex_emg__linux-usb-dev__drivers-media-usb-dvb-usb-dvb-usb-dib0700_true-unreach-call.cil.c	TIMEOUT	902.537806394	879.7130899790209	871.960576																
ldv-linux-3.14/linux-3.14__complex_emg__linux-usb-dev__drivers-media-usb-dvb-usb-v2-dvb-usb-mxl111sf_true-unreach-call.cil.c	TIMEOUT	902.36730148	854.2373131859349	848.384000																
ldv-linux-3.14/linux-3.14__complex_emg__linux-usb-dev__drivers-media-usb-gspca-gspca_ov519_true-unreach-call.cil.c	TIMEOUT	901.716664625	756.7508833890315	929.280000																
ldv-linux-3.14/linux-3.14__complex_emg__linux-usb-dev__drivers-media-usb-gspca-gspca_xirlink_cit_true-unreach-call.cil.c	TIMEOUT	902.283361967	749.3636908250628	1041.342464																
ldv-linux-3.14/linux-3.14__complex_emg__linux-usb-dev__drivers-net-ethernet-3com-3c59x_true-unreach-call.cil.c	TIMEOUT	902.224819065	773.996962636942	930.779136																
ldv-linux-3.14/linux-3.14__complex_emg__linux-usb-dev__drivers-net-ethernet-atheros-atl1c-atl1c_true-unreach-call.cil.c	TIMEOUT	901.798773417	792.2922722540097	866.791424																
ldv-linux-3.14/linux-3.14__complex_emg__linux-usb-dev__drivers-net-ethernet-broadcom-bnx2_true-unreach-call.cil.c	TIMEOUT	902.368884228	760.6326293390011	853.786624																
ldv-linux-3.14/linux-3.14__complex_emg__linux-usb-dev__drivers-net-ethernet-cisco-enic-enic_true-unreach-call.cil.c	TIMEOUT	901.985427969	818.1502371690003	794.574848																
ldv-linux-3.14/linux-3.14__complex_emg__linux-usb-dev__drivers-net-ethernet-dec-tulip-tulip_true-unreach-call.cil.c	TIMEOUT	902.974627228	769.2466734979535	793.960448																
ldv-linux-3.14/linux-3.14__complex_emg__linux-usb-dev__drivers-net-ethernet-emulex-benet-be2net_true-unreach-call.cil.c	TIMEOUT	901.71938864	859.3256603579503	853.102592																
ldv-linux-3.14/linux-3.14__complex_emg__linux-usb-dev__drivers-net-ethernet-intel-igbvf-igbvf_true-unreach-call.cil.c	TIMEOUT	901.370685606	828.1495829159394	781.451264																
ldv-linux-3.14/linux-3.14__complex_emg__linux-usb-dev__drivers-net-ethernet-intel-ixgbevf-ixgbevf_true-unreach-call.cil.c	TIMEOUT	903.141578967	856.1250309980242	814.497792																
ldv-linux-3.14/linux-3.14__complex_emg__linux-usb-dev__drivers-net-ethernet-jme_true-unreach-call.cil.c	TIMEOUT	902.634275065	823.5215120450594	1037.287424																
ldv-linux-3.14/linux-3.14__complex_emg__linux-usb-dev__drivers-net-ethernet-marvell-skge_true-unreach-call.cil.c	TIMEOUT	902.309994935	752.7415896359598	860.233728																
ldv-linux-3.14/linux-3.14__complex_emg__linux-usb-dev__drivers-net-ethernet-marvell-sky2_true-unreach-call.cil.c	TIMEOUT	902.24852583	777.1232193399919	710.549504																
ldv-linux-3.14/linux-3.14__complex_emg__linux-usb-dev__drivers-net-ethernet-natsemi-natsemi_true-unreach-call.cil.c	TIMEOUT	902.831019224	746.9523378830636	779.890688																
ldv-linux-3.14/linux-3.14__complex_emg__linux-usb-dev__drivers-net-ethernet-oki-semi-pch_gbe-pch_gbe_true-unreach-call.cil.c	TIMEOUT	901.97570478	770.8737856780645	746.790912																
ldv-linux-3.14/linux-3.14__complex_emg__linux-usb-dev__drivers-net-ethernet-qlogic-netxen-netxen_nic_true-unreach-call.cil.c	TIMEOUT	902.503166531	845.674757367	812.494848																
ldv-linux-3.14/linux-3.14__complex_emg__linux-usb-dev__drivers-net-ethernet-qlogic-qlge-qlge_true-unreach-call.cil.c	TIMEOUT	901.558359677	779.2710456839995	745.275392																
ldv-linux-3.14/linux-3.14__complex_emg__linux-usb-dev__drivers-net-ethernet-realtek-r8169_true-unreach-call.cil.c	TIMEOUT	902.010352838	820.7633529469604	655.798272																
ldv-linux-3.14/linux-3.14__complex_emg__linux-usb-dev__drivers-net-ethernet-renesas-sh_eth_true-unreach-call.cil.c	TIMEOUT	901.734096788	860.8260306649609	565.964800																
ldv-linux-3.14/linux-3.14__complex_emg__linux-usb-dev__drivers-net-ethernet-stmicro-stmmac-stmmac_true-unreach-call.cil.c	TIMEOUT	902.489422659	878.7176562569803	761.004032																
ldv-linux-3.14/linux-3.14__complex_emg__linux-usb-dev__drivers-net-ethernet-sun-niu_true-unreach-call.cil.c	TIMEOUT	902.518753282	839.4304368610028	813.555712																
ldv-linux-3.14/linux-3.14__complex_emg__linux-usb-dev__drivers-net-ethernet-sun-sunhme_true-unreach-call.cil.c	TIMEOUT	902.694249581	759.624395412975	999.907328																
ldv-linux-3.14/linux-3.14__complex_emg__linux-usb-dev__drivers-net-ethernet-ti-tlan_true-unreach-call.cil.c	TIMEOUT	903.524453075	767.6196405680384	786.038784																
ldv-linux-3.14/linux-3.14__complex_emg__linux-usb-dev__drivers-net-ethernet-via-via-rhine_true-unreach-call.cil.c	TIMEOUT	901.83286332	742.2460990260588	807.784448																
ldv-linux-3.14/linux-3.14__complex_emg__linux-usb-dev__drivers-net-ethernet-via-via-velocity_true-unreach-call.cil.c	TIMEOUT	901.986387127	716.9499955790816	721.350656																
ldv-linux-3.14/linux-3.14__complex_emg__linux-usb-dev__drivers-net-fddi-skfp-skfp_true-unreach-call.cil.c	TIMEOUT	903.930606369	711.246970052016	1174.986752																
ldv-linux-3.14/linux-3.14__complex_emg__linux-usb-dev__drivers-net-irda-via-ircc_true-unreach-call.cil.c	TIMEOUT	901.720118092	727.2631467389874	1346.318336																
ldv-linux-3.14/linux-3.14__complex_emg__linux-usb-dev__drivers-net-usb-pegasus_true-unreach-call.cil.c	TIMEOUT	901.645665966	760.637080974062	788.398080																
